<?xml version="1.0" encoding="UTF-8" standalone="yes"?>
<catalog totalSize="1">
    <widget>
        <name>widget-bb-contact-ng</name>
        <tags/>
        <lockState>UNLOCKED</lockState>
        <properties>
            <property label="Feature Vendor Bb Angular" name="feature.vendor-bb-angular" viewHint="">
                <value type="string">vendor-bb-angular</value>
            </property>
            <property label="Extension name" name="extension" viewHint="text-input,manager">
                <value type="string">ext-bb-contact-list-ng</value>
            </property>
            <property label="Title" name="title" viewHint="text-input,admin">
                <value type="string">Contact Manager</value>
            </property>
            <property label="Number of seconds to dismiss the notification" name="bb.contact.notificationDismissTime" viewHint="text-input,manager">
                <value type="string">3</value>
            </property>
            <property label="Path" name="path" viewHint="designModeOnly" manageable="true">
                <value type="string">$(itemRoot)/scripts/widget-bb-contact-ng.js</value>
            </property>
            <property name="TemplateName">
                <value type="string">Standard_Widget</value>
            </property>
            <property label="Feature Lib Bb Widget Extension Ng" name="feature.lib-bb-widget-extension-ng" viewHint="">
                <value type="string">lib-bb-widget-extension-ng</value>
            </property>
            <property label="Feature Config Bb Module Loader" name="feature.config-bb-module-loader" viewHint="">
                <value type="string">config-bb-module-loader</value>
            </property>
            <property label="Enable the creation of new contacts" name="bb.ext-bbm-contact-form-ng.newContact" viewHint="text-input,admin,manager">
                <value type="boolean">false</value>
            </property>
            <property label="Feature Vendor Bb Systemjs" name="feature.vendor-bb-systemjs" viewHint="">
                <value type="string">vendor-bb-systemjs</value>
            </property>
            <property label="Feature Ext Bb Contact List Ng" name="feature.ext-bb-contact-list-ng" viewHint="">
                <value type="string">ext-bb-contact-list-ng</value>
            </property>
            <property name="thumbnailUrl" manageable="true">
                <value type="string">$(itemRoot)/assets/icon.png</value>
            </property>
            <property name="intents" viewHint="text-input,admin">
                <value type="string">go.contact.create</value>
            </property>
            <property label="Feature Lib Bb Event Bus Ng" name="feature.lib-bb-event-bus-ng" viewHint="">
                <value type="string">lib-bb-event-bus-ng</value>
            </property>
            <property name="src" manageable="true">
                <value type="string">$(itemRoot)/index.html</value>
            </property>
            <property label="Version" name="version" viewHint="designModeOnly">
                <value type="string">2.10.7</value>
            </property>
            <property label="Number of contacts per page" name="bb.contact.pageSize" viewHint="text-input,manager">
                <value type="string">50</value>
            </property>
            <property label="Group to listen and or/trigger bus events; if empty, events are treated as global" name="bb.contact.groupName" viewHint="text-input,manager">
                <value type="string"></value>
            </property>
            <property label="Feature Model Bb Contact Ng" name="feature.model-bb-contact-ng" viewHint="">
                <value type="string">model-bb-contact-ng</value>
            </property>
            <property label="Feature Lib Bb Widget Ng" name="feature.lib-bb-widget-ng" viewHint="">
                <value type="string">lib-bb-widget-ng</value>
            </property>
            <property label="Feature Lib Bb Model Errors" name="feature.lib-bb-model-errors" viewHint="">
                <value type="string">lib-bb-model-errors</value>
            </property>
            <property label="Feature Lib Bb Start" name="feature.lib-bb-start" viewHint="">
                <value type="string">lib-bb-start</value>
            </property>
            <property label="Max. number of navigation pages" name="bb.contact.maxNavPages" viewHint="text-input,admin">
                <value type="long">3</value>
            </property>
            <property label="Feature Lib Bb Intent Ng" name="feature.lib-bb-intent-ng" viewHint="">
                <value type="string">lib-bb-intent-ng</value>
            </property>
            <property label="Display avatars" name="showAvatar" viewHint="text-input,manager">
                <value type="boolean">true</value>
            </property>
            <property label="Pagination type (pagination, load-more)" name="bb.contact.paginationType" viewHint="text-input,admin">
                <value type="string">pagination</value>
            </property>
            <property name="widgetChrome">
                <value type="string">$(contextRoot)/static/backbase.com.2012.aurora/html/chromes/widget_none.html</value>
            </property>
            <property label="Feature Lib Bb Permissions Ng" name="feature.lib-bb-permissions-ng" viewHint="">
                <value type="string">lib-bb-permissions-ng</value>
            </property>
        </properties>
    </widget>
</catalog>
