<?xml version="1.0" encoding="UTF-8" standalone="yes"?><exportBundle><bundleId>8844e80a-9d0b-4cad-adbb-302c93353172</bundleId><bundleName>8844e80a-9d0b-4cad-adbb-302c93353172</bundleName><portals><portal><name>backbase-demo</name><contextItemName>[BBHOST]</contextItemName><createdBy>1</createdBy><createdTimestamp>2018-03-08T16:54:00.392+05:30</createdTimestamp><lastModifiedBy>1</lastModifiedBy><lastModifiedTimestamp>2018-03-08T16:54:00.797+05:30</lastModifiedTimestamp><hidden>false</hidden><tags/><uuid>80dea719-f6e3-4652-abb1-36ec57e5c0a9</uuid><lockState>UNLOCKED</lockState><properties><property name="ErrorPage" manageable="true"><value type="string">/login/error.jsp</value></property><property name="Description" manageable="true"><value type="String"></value></property><property name="DefaultDevice" manageable="true"><value type="string">mixed</value></property><property name="publishChains" manageable="true"><value type="string">Self - Direct</value></property><property name="title" manageable="true"><value type="string">backbase_Demo</value></property><property name="LogoutPage" manageable="true"><value type="string">/login/logout.jsp</value></property><property name="LoginPage" manageable="true"><value type="string">/login/login.jsp</value></property><property name="TypeOfTags" manageable="true"><value type="string">tracking</value></property><property name="DefaultLandingPage" manageable="true"><value type="string">backbase-demo/index</value></property><property name="AuthenticationFailurePage" manageable="true"><value type="string">/login/login.jsp?login_error=failure</value></property><property name="TemplateName" manageable="true"><value type="String"></value></property><property name="TargetedDevice" manageable="true"><value type="string">mixed</value></property><property name="AccessDeniedPage" manageable="true"><value type="string">/login/login.jsp?login_error=accessdenied</value></property></properties><children/></portal></portals><portalPages><page><name>BlankPage</name><contextItemName>backbase-demo</contextItemName><extendedItemName>BlankPage</extendedItemName><createdBy>1</createdBy><createdTimestamp>2018-03-08T16:54:00.511+05:30</createdTimestamp><lastModifiedBy>1</lastModifiedBy><lastModifiedTimestamp>2018-03-08T16:54:00.915+05:30</lastModifiedTimestamp><hidden>false</hidden><tags/><manageable>true</manageable><uuid>7808470f-0bd1-4cd1-adcc-29f104a68d9d</uuid><lockState>UNLOCKED</lockState><properties><property name="client-template" manageable="true"><value type="string">page</value></property><property name="createdBy" manageable="true"><value type="string"></value></property><property name="behaviors" manageable="true"><value type="string">be.perspective.Manager be.portalClientExt.PortalManagerPreferencesForm</value></property><property name="bundleName" manageable="true"><value type="string">dashboard</value></property><property name="title" manageable="true"><value type="string">Blank Page</value></property></properties><children/></page></portalPages><portalContainers><container><name>Manageable_Area_Closure</name><contextItemName>backbase-demo</contextItemName><extendedItemName>Manageable_Area_Closure</extendedItemName><createdBy>1</createdBy><createdTimestamp>2018-03-08T16:54:00.704+05:30</createdTimestamp><lastModifiedBy>1</lastModifiedBy><lastModifiedTimestamp>2018-03-08T16:54:00.704+05:30</lastModifiedTimestamp><hidden>false</hidden><tags/><manageable>true</manageable><uuid>93d729ea-311b-4918-ac01-21ea29c127bf</uuid><lockState>UNLOCKED</lockState><properties><property name="title" manageable="true"><value type="string">Manageable Area</value></property></properties><children/></container><container><name>Manageable_Area_BlankPage</name><contextItemName>backbase-demo</contextItemName><parentItemName>BlankPage</parentItemName><extendedItemName>Manageable_Area_Closure</extendedItemName><createdBy>1</createdBy><createdTimestamp>2018-03-08T16:54:00.546+05:30</createdTimestamp><lastModifiedBy>1</lastModifiedBy><lastModifiedTimestamp>2018-03-08T16:54:00.547+05:30</lastModifiedTimestamp><hidden>false</hidden><tags/><manageable>true</manageable><uuid>9c5444d8-e626-4bfc-9f64-ae8b6867aec8</uuid><lockState>UNLOCKED</lockState><properties><property name="title" manageable="true"><value type="string"></value></property></properties><children/></container></portalContainers><portalWidgets/><pages><page><name>index</name><contextItemName>backbase-demo</contextItemName><parentItemName>backbase-demo</parentItemName><extendedItemName>BlankPage</extendedItemName><createdBy>1</createdBy><createdTimestamp>2018-03-08T16:54:00.713+05:30</createdTimestamp><lastModifiedBy>1</lastModifiedBy><lastModifiedTimestamp>2018-03-08T16:54:00.738+05:30</lastModifiedTimestamp><hidden>false</hidden><tags/><uuid>8103516a-ba1c-4a4e-9b48-fa5bf664ad93</uuid><lockState>UNLOCKED</lockState><properties><property name="client-template" manageable="true"><value type="string">page</value></property><property name="createdBy" manageable="true"><value type="string"></value></property><property name="behaviors" manageable="true"><value type="string">be.perspective.Manager be.portalClientExt.PortalManagerPreferencesForm</value></property><property name="bundleName" manageable="true"><value type="string">dashboard</value></property><property name="title" manageable="true"><value type="string">Default Page</value></property></properties><children/></page></pages><containers><container><name>container_670576fc-4221-411e-b83e-e718f0b1f852</name><contextItemName>backbase-demo</contextItemName><parentItemName>index</parentItemName><extendedItemName>Manageable_Area_BlankPage</extendedItemName><createdBy>1</createdBy><createdTimestamp>2018-03-08T16:54:00.738+05:30</createdTimestamp><lastModifiedBy>1</lastModifiedBy><lastModifiedTimestamp>2018-03-08T16:54:00.739+05:30</lastModifiedTimestamp><hidden>false</hidden><tags/><uuid>34e480dc-d514-4e77-93f0-809eda9cbbf2</uuid><lockState>UNLOCKED</lockState><properties/><children/></container></containers><widgets/><bundleRights><bundleRight><contextItemName>[BBHOST]</contextItemName><itemName>ManageableArea</itemName><itemType>TEMPLATE</itemType><rights><itemRight name="ManageableArea" inherited="false"><securityProfile>ADMIN</securityProfile><sid>group_admin</sid></itemRight><itemRight name="ManageableArea" inherited="false"><securityProfile>ADMIN</securityProfile><sid>group_manager</sid></itemRight></rights></bundleRight><bundleRight><contextItemName>backbase-demo</contextItemName><itemName>link_navrootMainMenu</itemName><itemType>LINK</itemType><rights><itemRight name="link_navrootMainMenu" inherited="false"><securityProfile>ADMIN</securityProfile><sid>group_admin</sid></itemRight><itemRight name="link_navrootMainMenu" inherited="false"><securityProfile>CONSUMER</securityProfile><sid>group_user</sid></itemRight><itemRight name="link_navrootMainMenu" inherited="false"><securityProfile>ADMIN</securityProfile><sid>group_manager</sid></itemRight><itemRight name="link_navrootMainMenu" inherited="false"><securityProfile>ADMIN</securityProfile><sid>group_master page designer</sid></itemRight></rights></bundleRight><bundleRight><contextItemName>backbase-demo</contextItemName><itemName>masterpage_root</itemName><itemType>LINK</itemType><rights><itemRight name="masterpage_root" inherited="false"><securityProfile>ADMIN</securityProfile><sid>group_admin</sid></itemRight><itemRight name="masterpage_root" inherited="false"><securityProfile>ADMIN</securityProfile><sid>group_master page designer</sid></itemRight></rights></bundleRight><bundleRight><contextItemName>[BBHOST]</contextItemName><itemName>BlankPageTemplate</itemName><itemType>TEMPLATE</itemType><rights><itemRight name="BlankPageTemplate" inherited="false"><securityProfile>ADMIN</securityProfile><sid>group_admin</sid></itemRight><itemRight name="BlankPageTemplate" inherited="false"><securityProfile>ADMIN</securityProfile><sid>group_manager</sid></itemRight><itemRight name="BlankPageTemplate" inherited="false"><securityProfile>CONSUMER</securityProfile><sid>group_master page designer</sid></itemRight></rights></bundleRight><bundleRight><contextItemName>backbase-demo</contextItemName><itemName>BlankPage</itemName><itemType>PAGE</itemType><rights><itemRight name="BlankPage" inherited="false"><securityProfile>ADMIN</securityProfile><sid>group_admin</sid></itemRight><itemRight name="BlankPage" inherited="false"><securityProfile>CONSUMER</securityProfile><sid>group_user</sid></itemRight><itemRight name="BlankPage" inherited="false"><securityProfile>CONSUMER</securityProfile><sid>group_manager</sid></itemRight><itemRight name="BlankPage" inherited="false"><securityProfile>ADMIN</securityProfile><sid>group_master page designer</sid></itemRight></rights></bundleRight><bundleRight><contextItemName>[BBHOST]</contextItemName><itemName>backbase-demo</itemName><itemType>PORTAL</itemType><rights><itemRight name="backbase-demo" inherited="false"><securityProfile>ADMIN</securityProfile><sid>group_admin</sid></itemRight><itemRight name="backbase-demo" inherited="false"><securityProfile>CONSUMER</securityProfile><sid>group_user</sid></itemRight><itemRight name="backbase-demo" inherited="false"><securityProfile>ADMIN</securityProfile><sid>group_manager</sid></itemRight><itemRight name="backbase-demo" inherited="false"><securityProfile>ADMIN</securityProfile><sid>group_master page designer</sid></itemRight></rights></bundleRight><bundleRight><contextItemName>backbase-demo</contextItemName><itemName>link_20fb96df-b712-43e6-98cf-846bd0f5a73a</itemName><itemType>LINK</itemType><rights><itemRight name="link_20fb96df-b712-43e6-98cf-846bd0f5a73a" inherited="false"><securityProfile>ADMIN</securityProfile><sid>group_admin</sid></itemRight><itemRight name="link_20fb96df-b712-43e6-98cf-846bd0f5a73a" inherited="false"><securityProfile>CONSUMER</securityProfile><sid>group_user</sid></itemRight><itemRight name="link_20fb96df-b712-43e6-98cf-846bd0f5a73a" inherited="false"><securityProfile>CONSUMER</securityProfile><sid>group_manager</sid></itemRight><itemRight name="link_20fb96df-b712-43e6-98cf-846bd0f5a73a" inherited="false"><securityProfile>ADMIN</securityProfile><sid>group_master page designer</sid></itemRight></rights></bundleRight><bundleRight><contextItemName>[BBHOST]</contextItemName><itemName>BlankPage</itemName><itemType>PAGE</itemType><rights><itemRight name="BlankPage" inherited="false"><securityProfile>ADMIN</securityProfile><sid>group_admin</sid></itemRight><itemRight name="BlankPage" inherited="false"><securityProfile>CONSUMER</securityProfile><sid>group_manager</sid></itemRight><itemRight name="BlankPage" inherited="false"><securityProfile>CONSUMER</securityProfile><sid>group_master page designer</sid></itemRight></rights></bundleRight></bundleRights><links><link><name>link_navrootMainMenu</name><contextItemName>backbase-demo</contextItemName><parentItemName>navroot_mainmenu</parentItemName><createdBy>1</createdBy><createdTimestamp>2018-03-08T16:54:00.759+05:30</createdTimestamp><lastModifiedBy>1</lastModifiedBy><lastModifiedTimestamp>2018-03-08T16:54:00.828+05:30</lastModifiedTimestamp><hidden>false</hidden><tags/><uuid>0df9b90e-b564-4702-9a95-508b8681b0a6</uuid><lockState>UNLOCKED</lockState><properties><property name="sectionName" manageable="true"><value type="string">index</value></property><property name="itemType" manageable="true"><value type="string">page</value></property><property name="Description" manageable="true"><value type="String"></value></property><property name="generatedUrl" manageable="true"><value type="string">backbase-demo/index</value></property><property name="TemplateName" manageable="true"><value type="String">link-default</value></property><property name="ItemRef" manageable="true"><value type="uuidRef">8103516a-ba1c-4a4e-9b48-fa5bf664ad93</value></property><property name="title" manageable="true"><value type="string">Default Page</value></property><property name="order" manageable="true"><value type="double">10.0</value></property><property name="SecuritySameAsParent" manageable="true"><value type="boolean">true</value></property></properties><children/><finalUrl>backbase-demo/index</finalUrl></link><link><name>masterpage_root</name><contextItemName>backbase-demo</contextItemName><parentItemName>backbase-demo</parentItemName><createdBy>1</createdBy><createdTimestamp>2018-03-08T16:54:00.441+05:30</createdTimestamp><lastModifiedBy>1</lastModifiedBy><lastModifiedTimestamp>2018-03-08T16:54:00.480+05:30</lastModifiedTimestamp><hidden>false</hidden><tags/><uuid>bd179829-ec43-499b-8bcb-b747572c44e9</uuid><lockState>UNLOCKED</lockState><properties><property name="itemType" manageable="true"><value type="string">menuHeader</value></property><property name="Description" manageable="true"><value type="String"></value></property><property name="generatedUrl" manageable="true"><value type="string">backbase-demo/masterpage_root</value></property><property name="TemplateName" manageable="true"><value type="String">link-default</value></property><property name="title" manageable="true"><value type="string">Master Pages</value></property><property name="order" manageable="true"><value type="double">30.0</value></property><property name="SecuritySameAsParent" manageable="true"><value type="boolean">false</value></property></properties><children/><finalUrl>backbase-demo/masterpage_root</finalUrl></link><link><name>navroot_notinmenu</name><contextItemName>backbase-demo</contextItemName><parentItemName>backbase-demo</parentItemName><createdBy>1</createdBy><createdTimestamp>2018-03-08T16:54:00.426+05:30</createdTimestamp><lastModifiedBy>1</lastModifiedBy><lastModifiedTimestamp>2018-03-08T16:54:00.426+05:30</lastModifiedTimestamp><hidden>false</hidden><tags/><uuid>463d019b-1b0d-4d6d-9161-ae2f5b9bcbad</uuid><lockState>UNLOCKED</lockState><properties><property name="itemType" manageable="true"><value type="string">menuHeader</value></property><property name="Description" manageable="true"><value type="String"></value></property><property name="generatedUrl" manageable="true"><value type="string">backbase-demo/navroot_notinmenu</value></property><property name="TemplateName" manageable="true"><value type="String">link-default</value></property><property name="title" manageable="true"><value type="string">Not in Navigation</value></property><property name="order" manageable="true"><value type="double">20.0</value></property><property name="SecuritySameAsParent" manageable="true"><value type="boolean">true</value></property></properties><children/><finalUrl>backbase-demo/navroot_notinmenu</finalUrl></link><link><name>navroot_mainmenu</name><contextItemName>backbase-demo</contextItemName><parentItemName>backbase-demo</parentItemName><createdBy>1</createdBy><createdTimestamp>2018-03-08T16:54:00.415+05:30</createdTimestamp><lastModifiedBy>1</lastModifiedBy><lastModifiedTimestamp>2018-03-08T16:54:00.415+05:30</lastModifiedTimestamp><hidden>false</hidden><tags/><uuid>90b16362-3e5f-435d-be49-b34b9229df0b</uuid><lockState>UNLOCKED</lockState><properties><property name="sectionName" manageable="true"><value type="string">main</value></property><property name="itemType" manageable="true"><value type="string">menuHeader</value></property><property name="Description" manageable="true"><value type="String"></value></property><property name="generatedUrl" manageable="true"><value type="string">backbase-demo/main</value></property><property name="TemplateName" manageable="true"><value type="String">link-default</value></property><property name="title" manageable="true"><value type="string">Main Navigation</value></property><property name="order" manageable="true"><value type="double">10.0</value></property><property name="SecuritySameAsParent" manageable="true"><value type="boolean">true</value></property></properties><children/><finalUrl>backbase-demo/main</finalUrl></link><link><name>link_20fb96df-b712-43e6-98cf-846bd0f5a73a</name><contextItemName>backbase-demo</contextItemName><parentItemName>masterpage_root</parentItemName><createdBy>1</createdBy><createdTimestamp>2018-03-08T16:54:00.584+05:30</createdTimestamp><lastModifiedBy>1</lastModifiedBy><lastModifiedTimestamp>2018-03-08T16:54:00.584+05:30</lastModifiedTimestamp><hidden>false</hidden><tags/><uuid>8f577111-9295-4217-ba53-ddf3bbe4c414</uuid><lockState>UNLOCKED</lockState><properties><property name="sectionName" manageable="true"><value type="string">BlankPage</value></property><property name="itemType" manageable="true"><value type="string">page</value></property><property name="Description" manageable="true"><value type="String"></value></property><property name="generatedUrl" manageable="true"><value type="string">backbase-demo/BlankPage</value></property><property name="TemplateName" manageable="true"><value type="String">link-default</value></property><property name="ItemRef" manageable="true"><value type="uuidRef">7808470f-0bd1-4cd1-adcc-29f104a68d9d</value></property><property name="title" manageable="true"><value type="string">Blank Page</value></property><property name="SecuritySameAsParent" manageable="true"><value type="boolean">true</value></property><property name="order" manageable="true"><value type="double">0.0</value></property></properties><children/><finalUrl>backbase-demo/BlankPage</finalUrl></link></links><deletedItemRefs/><groups><group><name>master page designer</name><role>MANAGER</role></group><group><name>approvers</name><role>MANAGER</role></group><group><name>manager</name><role>MANAGER</role></group><group><name>user</name><role>USER</role></group><group><name>sys2sys</name><description>Sys2Sys</description><role>SYS2SYS</role></group><group><name>admin</name><description>Admin Group</description><role>ADMIN</role></group></groups><serverPages><page><name>BlankPage</name><contextItemName>[BBHOST]</contextItemName><createdBy>1</createdBy><createdTimestamp>2018-03-08T16:48:58+05:30</createdTimestamp><lastModifiedBy>1</lastModifiedBy><lastModifiedTimestamp>2018-03-08T16:48:58.087+05:30</lastModifiedTimestamp><hidden>false</hidden><tags><tag blacklist="false" manageable="true" type="regular">cxpManager</tag></tags><manageable>true</manageable><uuid>7f603c10-8700-4a1b-887b-aa3c6b9ae09f</uuid><lockState>UNLOCKED</lockState><properties><property name="Description" manageable="true"><value type="String"></value></property><property name="TemplateName" manageable="true"><value type="string">BlankPageTemplate</value></property><property name="title" manageable="true"><value type="string">Blank Page (CXP)</value></property></properties><children/></page></serverPages><serverContainers><container><name>Manageable_Area_Closure</name><contextItemName>[BBHOST]</contextItemName><createdBy>1</createdBy><createdTimestamp>2018-03-08T16:48:57.829+05:30</createdTimestamp><lastModifiedBy>1</lastModifiedBy><lastModifiedTimestamp>2018-03-08T16:48:57.830+05:30</lastModifiedTimestamp><hidden>false</hidden><tags><tag blacklist="false" manageable="true" type="section">layouts</tag><tag blacklist="false" manageable="true" type="regular">manageable area</tag><tag blacklist="false" manageable="true" type="regular">fluid</tag></tags><uuid>68cc2987-4dc4-4b2d-8ecf-b1201d9edd20</uuid><lockState>UNLOCKED</lockState><properties><property name="isManageableArea" manageable="true"><value type="boolean">true</value></property><property name="viewNamespace" manageable="true"><value type="string">http://backbase.com/2013/aurora</value></property><property label="Description" name="Description" manageable="true"><value type="string">Area that will be manageable on regular pages. Items can be reordered, added and deleted.</value></property><property name="TemplateName" manageable="true"><value type="string">ManageableArea</value></property><property name="title" manageable="true"><value type="string">Manageable Area</value></property><property name="config" manageable="true"><value type="string">$(contextRoot)/static/backbase.com.2013.aurora/containers/ManageableArea/config.xml</value></property><property name="thumbnailUrl" manageable="true"><value type="string">$(contextRoot)/static/backbase.com.2013.aurora/containers/ManageableArea/media/ManageableArea-icon.png</value></property><property name="autoExtend" manageable="true"><value type="boolean">true</value></property></properties><children/></container></serverContainers><serverWidgets/><templates><template><type>CONTAINER</type><name>ManageableArea</name><contextItemName>[BBHOST]</contextItemName><createdBy>1</createdBy><createdTimestamp>2018-03-08T16:48:57.047+05:30</createdTimestamp><lastModifiedBy>1</lastModifiedBy><lastModifiedTimestamp>2018-03-08T16:48:57.093+05:30</lastModifiedTimestamp><hidden>false</hidden><tags/><uuid>4dbcd985-d631-496c-a907-f548c12d4c0f</uuid><lockState>UNLOCKED</lockState><properties><property name="Web" manageable="true"><value type="string">containers/ManageableArea/templates/ManageableArea_Web</value></property><property name="BundleName" manageable="true"><value type="string">backbase.com.2013.aurora</value></property><property name="DefaultDevice" manageable="true"><value type="string">Web</value></property><property name="Tablet" manageable="true"><value type="String"></value></property><property name="Smartphone" manageable="true"><value type="String"></value></property></properties></template><template><type>LINK</type><name>link-default</name><contextItemName>[BBHOST]</contextItemName><createdBy>1</createdBy><createdTimestamp>2018-03-08T16:48:56.624+05:30</createdTimestamp><lastModifiedBy>1</lastModifiedBy><lastModifiedTimestamp>2018-03-08T16:48:56.626+05:30</lastModifiedTimestamp><hidden>false</hidden><tags/><uuid>fdb22abd-3a5c-4dad-ba01-9eafd05061f9</uuid><lockState>UNLOCKED</lockState><properties><property name="Web" manageable="true"><value type="string">link</value></property><property name="DefaultDevice" manageable="true"><value type="string">Web</value></property><property name="BundleName" manageable="true"><value type="string">default</value></property><property name="Tablet" manageable="true"><value type="String"></value></property><property name="title" manageable="true"><value type="string">Link Default Template</value></property><property name="Smartphone" manageable="true"><value type="String"></value></property></properties></template><template><type>PAGE</type><name>BlankPageTemplate</name><contextItemName>[BBHOST]</contextItemName><createdBy>1</createdBy><createdTimestamp>2018-03-08T16:48:57.139+05:30</createdTimestamp><lastModifiedBy>1</lastModifiedBy><lastModifiedTimestamp>2018-03-08T16:48:57.203+05:30</lastModifiedTimestamp><hidden>false</hidden><tags><tag blacklist="false" manageable="true" type="regular">web</tag></tags><uuid>97e52634-e062-462d-a746-4ee6aed157ed</uuid><lockState>UNLOCKED</lockState><properties><property name="Web" manageable="true"><value type="string">pages/BlankPageTemplate/templates/blank-page-template-web</value></property><property name="BundleName" manageable="true"><value type="string">backbase.com.2013.aurora</value></property><property name="DefaultDevice" manageable="true"><value type="string">Web</value></property><property name="Tablet" manageable="true"><value type="String"></value></property><property name="title" manageable="true"><value type="string">Blank Page Template</value></property><property name="Smartphone" manageable="true"><value type="String"></value></property><property name="thumbnailUrl" manageable="true"><value type="string">$(contextRoot)/static/backbase.com.2013.aurora/pages/BlankPageTemplate/media/icon.png</value></property></properties></template></templates><contentItemRefs/><serverContentTypes/><portalContentTypes/><serverContentRepositories/><portalContentRepositories><contentRepository><name>portalRepository</name><contextItemName>backbase-demo</contextItemName><createdBy>1</createdBy><createdTimestamp>2018-03-08T16:54:00.930+05:30</createdTimestamp><lastModifiedBy>1</lastModifiedBy><lastModifiedTimestamp>2018-03-08T16:54:00.930+05:30</lastModifiedTimestamp><hidden>false</hidden><tags/><uuid>b62f78b9-cba0-415d-a1eb-ceb277c37823</uuid><lockState>UNLOCKED</lockState><properties><property name="Description" manageable="true"><value type="string">Repository for portal backbase-demo</value></property><property name="generatedContentDir" manageable="true"><value type="string">/Generated content/</value></property><property name="repositoryId" manageable="true"><value type="string">80dea719-f6e3-4652-abb1-36ec57e5c0a9</value></property><property name="title" manageable="true"><value type="string">backbase-demo Repository</value></property></properties><children/></contentRepository></portalContentRepositories></exportBundle>