{
    "$schema": "http://json-schema.org/draft-04/schema#",
    "title": "CreditCard",
    "description": "Credit Card Content Type",
    "type": "object",
    "properties": {
        "provider": {
            "title": "Provider",
            "enum": [
                "Visa",
                "MasterCard",
                "American Express"
            ],
            "default": "Visa"
        },
        "cardName": {
            "title": "Card Name",
            "type": "string"
        },
        "creditCardImage": {
            "title": "Credit Card Image",
            "type": "string"
        },
        "introductionText": {
            "title": "Introduction Text",
            "type": "object",
            "properties": {
                "title": {
                    "type": "string"
                },
                "text": {
                    "type": "string"
                }
            }
        },
        "productPageHeader": {
            "title": "Product Page Header",
            "type": "object",
            "properties": {
                "image": {
                    "type": "string"
                },
                "title": {
                    "type": "string"
                },
                "text": {
                    "type": "string"
                }
            }
        },
        "marketingText": {
            "title": "Marketing Text",
            "type": "object",
            "properties": {
                "title": {
                    "type": "string"
                },
                "text": {
                    "type": "string"
                }
            }
        }
    }
}