<catalog>
    <contenttype>
        <name>CreditCardContentType</name>
        <contextItemName>[BBHOST]</contextItemName>
        <properties>
            <property name="title" label="Title">
                <value type="string">Credit Card</value>
            </property>
            <property name="src">
                <value type="string">$(itemRoot)/creditcard.json</value>
            </property>
            <property name="previewTemplate">
                <value type="string">$(itemRoot)/CreditCard.html</value>
            </property>
            <property name="typeDefinitionName">
                <value type="string">CreditCard</value>
            </property>
        </properties>
        <tags>
            <tag type="regular">structuredcontent</tag>
        </tags>
    </contenttype>
</catalog>